Date,Description,Amount
04/10/2026,MONTHLY SERVICE FEE NY,USD -12.00
04/22/2026,VENMO PAYMENT,-90.51
06/22/2026,SQ *ETSY SELLER,-42.47
06/15/2026,TST*AMAZON PRIME,-14.99
03/21/2026,LYFT,-21.71
06/14/2026,WHOLE FOODS,-53.06
04/06/2026,CVS PHARMACY,-36.60
05/09/2026,IKEA,-163.25
06/04/2026,TST*AMAZON PRIME,-14.99
06/17/2026,PAYPAL *SPOTIFY CA NY,-11.99
07/14/2026,SHELL OIL,-57.44
06/27/2026,PAYPAL *SPOTIFY CA,USD -11.99
07/10/2026,UBER,-18.73
04/05/2026,AIRBNB,(234.81)
04/21/2026,SQ *TACO TRUCK,-9.51
04/01/2026,SUNOCO GAS STATION,-26.88
09/11/2026,UBER,-11.54
07/05/2026,UBER,-16.77
04/23/2026,TARGET NY,-16.00
04/12/2026,BEST BUY,-109.27
07/19/2026,ATM WITHDRAWAL FEE,-3.00
04/26/2026,TST*AMAZON PRIME,-14.99
07/23/2026,SUNOCO GAS STATION,USD -59.11
05/03/2026,AIRBNB,-159.84
03/30/2026,DOORDASH,-32.17
03/19/2026,VENMO PAYMENT,-60.07
09/09/2026,AIRBNB,(152.89)
04/01/2026,IKEA NY,-140.21
04/23/2026,AMC THEATRES,-19.08
08/13/2026,DOORDASH,-35.78
06/27/2026,NEIGHBORHOOD DINER,-22.99
04/30/2026,AMC THEATRES,-29.86
04/27/2026,KROGER,-49.04
04/13/2026,SQ *TACO TRUCK,USD -12.01
08/07/2026,DOORDASH,-29.58
06/19/2026,SQ *ETSY SELLER,-15.28
06/17/2026,PAYPAL *SPOTIFY CA NY,-11.99
07/23/2026,UBER,-10.29
06/07/2026,SUNOCO GAS STATION,-40.04
07/13/2026,SHELL OIL,(36.19)
06/22/2026,CVS PHARMACY,-27.23
04/09/2026,WALGREENS,-42.51
05/18/2026,SUNOCO GAS STATION,-49.42
06/25/2026,SQ *TACO TRUCK,-9.21
04/15/2026,UBER,USD -20.65
06/29/2026,MONTHLY SERVICE FEE NY,-12.00
06/04/2026,IKEA,-63.76
06/29/2026,CITY WATER & SEWER,-68.69
04/06/2026,SQ *ETSY SELLER,-18.92
07/07/2026,SPOTIFY,-11.99
08/25/2026,POWER & LIGHT CO,-117.05
06/20/2026,NEIGHBORHOOD DINER,-39.87
07/07/2026,DELTA AIR LINES,(306.52)
04/16/2026,SQ *ETSY SELLER,-59.83
09/06/2026,HILTON HOTEL NY,-188.80
07/27/2026,CITY WATER & SEWER,USD -47.23
07/15/2026,TST*AMAZON PRIME,-14.99
07/23/2026,IKEA,-110.25
07/07/2026,VENMO PAYMENT,-116.62
03/25/2026,KROGER,-54.40
04/17/2026,SQ *TACO TRUCK,-13.49
05/11/2026,AMAZON,-10.09
08/09/2026,POWER & LIGHT CO,-138.33
04/02/2026,SUNOCO GAS STATION NY,-42.11
05/21/2026,CHIPOTLE,-9.39
07/28/2026,SHELL OIL,(36.77)
07/20/2026,SQ *TACO TRUCK,USD -13.98
05/26/2026,POWER & LIGHT CO,-118.44
06/04/2026,TST*AMAZON PRIME,-14.99
09/09/2026,COMCAST,-79.99
04/07/2026,WHOLE FOODS,-79.30
08/26/2026,STARBUCKS,-9.04
04/07/2026,UBER NY,-10.72
07/27/2026,WHOLE FOODS,-27.72
04/28/2026,CVS PHARMACY,-25.63
07/15/2026,DOORDASH,-24.90
03/25/2026,WALGREENS,-19.48
04/27/2026,POWER & LIGHT CO,USD -100.48
07/28/2026,UBER EATS,(13.40)
04/02/2026,SAFEWAY,-55.68
04/20/2026,SQ *ETSY SELLER,-13.33
03/26/2026,SPOTIFY NY,-11.99
04/28/2026,TRADER JOE'S,-63.64
06/06/2026,STEAM GAMES,-36.09
07/04/2026,KROGER,-66.89
09/14/2026,WALGREENS,-18.38
06/12/2026,SQ *TACO TRUCK,-14.37
06/25/2026,STARBUCKS,-8.28
09/01/2026,NEIGHBORHOOD DINER,USD -37.75
09/02/2026,WALMART #2541,-110.09
04/09/2026,WALGREENS NY,-22.09
08/02/2026,STARBUCKS,(6.98)
03/27/2026,CHEVRON,-37.58
05/30/2026,UBER,-9.31
04/28/2026,AIRBNB,-203.36
08/06/2026,WALGREENS,-15.44
04/14/2026,NEIGHBORHOOD DINER,-42.87
05/10/2026,CHEVRON,-47.47
05/30/2026,AIRBNB,-162.93
06/29/2026,WHOLE FOODS NY,USD -74.11
04/06/2026,TARGET,-37.52
05/13/2026,WALMART #2541,-112.73
06/24/2026,CHIPOTLE,-13.30
04/19/2026,VENMO PAYMENT,-46.36
03/21/2026,LYFT,(9.86)
05/01/2026,CHIPOTLE,-12.78
08/31/2026,CVS PHARMACY,-29.44
06/06/2026,SQ *TACO TRUCK,-14.61
09/15/2026,SQ *TACO TRUCK NY,-13.75
05/27/2026,POWER & LIGHT CO,-71.18
06/25/2026,PAYPAL *SPOTIFY CA,USD -11.99
05/24/2026,ATM WITHDRAWAL FEE,-3.00
07/23/2026,NEIGHBORHOOD DINER,-29.94
04/19/2026,WALMART #2541,-104.55
09/07/2026,KROGER,-29.94
07/19/2026,SUNOCO GAS STATION,-39.31
08/12/2026,UBER,-21.08
07/10/2026,SQ *ETSY SELLER NY,(35.25)
08/29/2026,WALMART #2541,-91.83
08/05/2026,PAYPAL *SPOTIFY CA,-11.99
07/09/2026,MONTHLY SERVICE FEE,-12.00
03/27/2026,STEAM GAMES,USD -34.21
08/08/2026,WHOLE FOODS,-77.75
08/09/2026,SHELL OIL,-33.62
03/30/2026,STARBUCKS,-4.78
06/17/2026,TRADER JOE'S,-34.74
03/31/2026,UBER EATS NY,-25.88
05/30/2026,SUNOCO GAS STATION,-43.38
06/11/2026,CVS PHARMACY,-9.08
07/30/2026,WALMART #2541,-101.34
03/20/2026,AIRBNB,(238.94)
09/01/2026,SPOTIFY,-11.99
04/26/2026,TARGET,USD -37.91
07/03/2026,SQ *TACO TRUCK,-10.78
06/25/2026,BEST BUY,-159.31
04/04/2026,MONTHLY SERVICE FEE NY,-12.00
07/09/2026,MONTHLY SERVICE FEE,-12.00
06/25/2026,DOORDASH,-36.50
05/29/2026,DELTA AIR LINES,-392.77
04/04/2026,ZELLE TO ALEX,-81.85
04/15/2026,SQ *ETSY SELLER,-58.71
03/31/2026,CHIPOTLE,-11.11
04/19/2026,UBER,-25.49
05/01/2026,SQ *ETSY SELLER,USD -47.37
07/24/2026,AIRBNB NY,-153.22
04/12/2026,SUNOCO GAS STATION,-39.27
05/23/2026,VENMO PAYMENT,-24.05
06/11/2026,SQ *ETSY SELLER,-20.57
07/11/2026,BEST BUY,-50.21
04/04/2026,ZELLE TO ALEX,-68.72
05/04/2026,AMC THEATRES,-16.35
04/09/2026,CHEVRON,-35.23
03/26/2026,WALGREENS,-11.90
08/15/2026,KROGER NY,-54.29
03/21/2026,IKEA,USD -130.34
04/27/2026,CHIPOTLE,-13.29
06/30/2026,NEIGHBORHOOD DINER,(28.01)
06/08/2026,SUNOCO GAS STATION,-42.97
09/08/2026,WHOLE FOODS,-26.56
04/22/2026,SPOTIFY,-11.99
07/18/2026,UBER EATS,-25.46
09/01/2026,SUNOCO GAS STATION,-59.96
04/19/2026,AIRBNB NY,-174.61
04/22/2026,TARGET,-76.99
04/11/2026,BEST BUY,-73.20
04/16/2026,TST*AMAZON PRIME,USD -14.99
06/29/2026,SUNOCO GAS STATION,-38.83
06/21/2026,CHEVRON,-31.27
04/11/2026,CVS PHARMACY,-36.95
05/27/2026,COMCAST,(79.99)
05/24/2026,UBER EATS,-16.44
03/19/2026,AIRBNB NY,-101.21
07/09/2026,PAYPAL *SPOTIFY CA,-11.99
07/12/2026,CITY WATER & SEWER,-50.13
09/15/2026,MONTHLY SERVICE FEE,-12.00
06/27/2026,CITY WATER & SEWER,-43.27
07/04/2026,ZELLE TO ALEX,USD -60.06
05/16/2026,CVS PHARMACY,-9.75
09/03/2026,STARBUCKS,-8.40
05/09/2026,SUNOCO GAS STATION,-34.28
05/22/2026,AMAZON NY,-118.80
07/30/2026,AIRBNB,-185.71
03/28/2026,TARGET,(68.78)
06/04/2026,PAYPAL *SPOTIFY CA,-11.99
09/06/2026,SPOTIFY,-11.99
05/15/2026,MONTHLY SERVICE FEE,-12.00
07/07/2026,TST*AMAZON PRIME,-14.99
05/18/2026,MONTHLY SERVICE FEE,USD -12.00
06/06/2026,MONTHLY SERVICE FEE,-12.00
04/27/2026,AIRBNB NY,-140.84
09/07/2026,KROGER,-43.12
08/19/2026,SUNOCO GAS STATION,-38.65
08/19/2026,ATM WITHDRAWAL FEE,-3.00
07/19/2026,WALMART #2541,-56.51
04/08/2026,CITY WATER & SEWER,-83.88
06/23/2026,WHOLE FOODS,(58.22)
08/29/2026,SQ *TACO TRUCK,-12.92
08/18/2026,LYFT,-20.43
07/19/2026,UBER NY,USD -17.87
05/27/2026,VENMO PAYMENT,-81.70
03/25/2026,WHOLE FOODS,-85.63
09/07/2026,CHIPOTLE,-9.15
07/19/2026,ZELLE TO ALEX,-151.19
06/16/2026,ATM WITHDRAWAL FEE,-3.00
05/13/2026,AIRBNB,-175.80
